   , Shrinkage_MV         , NLS_MV               , Robust_RRP         , Robust_Bayes_MV       , BL_MV                , EP_MV                 , EP_CVaR
DBC, 7.535579556352499e-08, 7.175748823967212e-08, 0.04278932493506067, 2.0591113324880948e-10, 3.092372533071818e-08, 2.8009966148386843e-06, 0.0
GLD, 0.36786113885407895  , 0.3681574778410481   , 0.3847150600730559 , 0.40000000019040555   , 0.46279922822380953  , 0.36062902022588783   , 0.39999999999997127
SPY, 0.4226204278757009   , 0.42323205707992617  , 0.43011752530336356, 0.5999999994412171    , 0.28229748699422064  , 0.42541529431060454   , 0.6000000000000287
TLT, 0.20951835791442458  , 0.20861039332153752  , 0.14237808968852053, 1.6246629534063822e-10, 0.25490325385824447  , 0.2139528844668928    , 0.0
